sequence,operation,main_thread,submission_us,latency_us,error
1,read,true,146.29,7876.427,
4,read,true,72.423,9044.77,
7,write,true,172.239,11872.247,
10,read,true,92.67,5282.713,
13,read,true,15.98,5204.92,
16,read,true,87.813,4979.783,
19,write,true,93.533,9643.721,
22,read,true,89.866,6227.943,
25,read,true,114.211,4774.492,
28,write,true,110.074,10550.199,
31,read,true,111.427,6064.482,
34,read,true,17.022,8590.22,
37,write,true,196.453,12015.763,
40,read,true,120.062,9336.07,
43,read,true,23.153,7704.518,
46,read,true,98.543,5700.918,
49,write,true,920.015,15217.183,
52,read,true,119.391,8123.965,
55,read,true,94.716,5939.881,
58,write,true,165.567,11512.833,
61,read,true,102.53,4477.112,
64,read,true,20.047,4812.082,
67,write,true,224.025,11698.505,
70,read,true,119.131,10546.512,
73,read,true,16.922,9896.529,
76,read,true,110.013,9133.966,
79,write,true,143.686,13659.157,
82,read,true,180.534,7860.989,
85,read,true,117.257,5007.324,
88,write,true,123.058,16677.838,
91,read,true,180.074,6264.291,
94,read,true,31.959,10826.57,
97,write,true,865.594,21882.518,
100,read,true,130.432,20039.173,
103,read,true,25.066,18503.478,
106,read,true,97.711,11095.69,
109,write,true,251.025,21340.613,
112,read,true,111.366,18098.569,
115,read,true,108.862,12125.757,
118,write,true,102.37,17879.222,
121,read,true,96.63,13139.254,
124,read,true,12.925,13729.558,
127,write,true,227.081,18746.219,
130,read,true,102.451,7052.08,
133,read,true,22.091,7411.736,
136,read,true,109.242,11403.92,
139,write,true,429.926,15168.792,
142,read,true,97.851,8513.617,
145,read,true,97.56,11627.935,
148,write,true,112.377,21493.325,
151,read,true,102.109,6441.279,
154,read,true,12.412,6587.019,
157,write,true,160.497,12162.195,
160,read,true,102.921,12385.959,
163,read,true,26.188,10380.454,
166,read,true,172.199,6603.901,
169,write,true,159.886,10996.796,
172,read,true,192.166,8027.326,
175,read,true,256.836,7453.333,
178,write,true,115.383,12821.074,
181,read,true,236.579,10343.025,
184,read,true,18.385,11178.934,
187,write,true,181.495,24013.713,
190,read,true,149.937,8723.916,
193,read,true,16.131,8195.017,
196,read,true,130.3,5640.876,
199,write,true,128.498,10801.404,
202,read,true,110.465,8159.542,
205,read,true,89.204,6033.874,
208,write,true,114.271,9397.614,
211,read,true,105.175,5600.843,
214,read,true,10.479,4868.816,
217,write,true,151.73,12342.988,
220,read,true,99.123,10292.522,
223,read,true,21.931,9466.462,
226,read,true,104.122,8978.487,
229,write,true,111.526,14586.224,
232,read,true,123.258,10046.526,
235,read,true,86.962,6171.641,
238,write,true,95.015,13319.507,
241,read,true,146.341,9059.608,
244,read,true,49.372,9769.142,
247,write,true,248.15,16326.988,
250,read,true,115.334,6330.373,
253,read,true,21.58,6240.267,
256,read,true,121.815,8279.994,
259,write,true,115.774,14169.231,
262,read,true,101.017,6938.57,
265,read,true,113.66,7495.492,
268,write,true,115.473,14331.451,
271,read,true,93.363,5947.114,
274,read,true,21.42,6490.991,
277,write,true,181.526,10841.839,
280,read,true,92.993,12867.692,
283,read,true,18.975,13335.146,
286,read,true,103.522,7162.886,
289,write,true,93.433,14680.338,
292,read,true,103.431,7161.933,
295,read,true,114.652,7982.173,
298,write,true,105.315,16535.033,
301,read,true,96.92,6923.553,
304,read,true,12.744,5599.37,
307,write,true,170.195,11055.406,
310,read,true,97.972,6097.022,
313,read,true,30.546,6482.986,
316,read,true,99.986,7395.257,
319,write,true,103.332,15325.223,
322,read,true,101.979,8103.218,
325,read,true,119.811,7500.561,
328,write,true,110.585,11881.554,
331,read,true,114.412,9114.371,
334,read,true,16.04,8237.887,
337,write,true,696.14,13241.514,
340,read,true,115.394,8615.275,
343,read,true,12.554,8036.143,
346,read,true,111.977,5238.473,
349,write,true,77.473,11777.241,
352,read,true,112.618,5259.28,
355,read,true,88.003,5910.938,
358,write,true,120.483,9953.112,
361,read,true,111.777,13286.406,
364,read,true,19.427,11273.729,
367,write,true,164.625,13879.114,
370,read,true,102.159,5303.131,
373,read,true,39.563,5576.627,
376,read,true,113.801,16010.451,
379,write,true,128.718,15073.766,
382,read,true,207.864,8973.138,
385,read,true,365.216,7850.128,
388,write,true,870.893,22275.284,
391,read,true,107.811,8941.08,
394,read,true,16.341,7835.792,
397,write,true,264.791,41163.716,
400,read,true,111.457,21552.055,
403,read,true,23.162,13001.949,
406,read,true,99.504,7559.19,
409,write,true,314.743,15129.259,
412,read,true,102.98,5490.347,
415,read,true,196.996,6882.718,
418,write,true,115.002,10799.691,
421,read,true,202.395,7922.402,
424,read,true,1417.294,7148.789,
427,write,true,174.854,14881.701,
430,read,true,121.835,8503.889,
433,read,true,19.647,9095.075,
436,read,true,371.508,8491.306,
439,write,true,343.567,15277.835,
442,read,true,83.755,11670.664,
445,read,true,119.912,7367.134,
448,write,true,263.699,11383.473,
451,read,true,190.042,6483.838,
454,read,true,85.328,5117.658,
457,write,true,278.867,15453.71,
460,read,true,97.05,8256.1,
463,read,true,21.55,9349.706,
466,read,true,90.999,7015.903,
469,write,true,95.838,18643.297,
472,read,true,107.909,6856.728,
475,read,true,104.853,8050.069,
478,write,true,184.682,11721.798,
481,read,true,235.857,5784.863,
484,read,true,22.002,8097.988,
487,write,true,180.894,20924.711,
490,read,true,112.578,6550.671,
493,read,true,21.029,7487.677,
496,read,true,251.626,8535.096,
499,write,true,135.321,20241.998,
502,read,true,109.692,8947.46,
505,read,true,93.603,9264.778,
508,write,true,126.143,16427.123,
511,read,true,96.909,12373.075,
514,read,true,13.466,8743.463,
517,write,true,190.904,15908.773,
520,read,true,101.198,13662.824,
523,read,true,15.007,6603.94,
526,read,true,99.505,10246.377,
529,write,true,112.489,19289.845,
532,read,true,126.564,6759.919,
535,read,true,113.962,12330.917,
538,write,true,165.887,15599.681,
541,read,true,452.158,7895.652,
544,read,true,46.797,7408.12,
547,write,true,493.103,20603.827,
550,read,true,116.836,16507.192,
553,read,true,16.231,14402.434,
556,read,true,97.379,8154.972,
559,write,true,105.265,12166.863,
562,read,true,84.517,7547.518,
565,read,true,902.222,10743.748,
568,write,true,129.53,13240.292,
571,read,true,84.446,7743.892,
574,read,true,16.681,7327.1,
577,write,true,132.195,29923.969,
580,read,true,79.417,12960.122,
583,read,true,28.793,13423.932,
586,read,true,134.81,15319.411,
589,write,true,81.2,29633.29,
592,read,true,101.288,7127.079,
595,read,true,112.658,5090.958,
598,write,true,412.944,10489.235,
601,read,true,111.837,10910.116,
604,read,true,16.581,9270.79,
607,write,true,188.018,7654.736,
610,read,true,88.434,4224.103,
613,read,true,9.879,4903.592,
616,read,true,106.908,4939.157,
619,write,true,124.06,7371.592,
622,read,true,90.447,4901.467,
625,read,true,101.717,5082.833,
628,write,true,126.454,10750.259,
631,read,true,342.644,11773.624,
634,read,true,25.196,6603.049,
637,write,true,311.056,21634.667,
640,read,true,386.756,14478.734,
643,read,true,41.117,12266.257,
646,read,true,107.349,29149.696,
649,write,true,101.328,51978.415,
652,read,true,93.934,19586.374,
655,read,true,498.723,41367.582,
658,write,true,115.214,71082.895,
661,read,true,85.128,18622.55,
664,read,true,17.422,17566.644,
667,write,true,145.679,10379.021,
670,read,true,162.552,8065.678,
673,read,true,15.519,11917.843,
676,read,true,98.922,6285.671,
679,write,true,75.489,15483.685,
682,read,true,104.194,6965.651,
685,read,true,88.504,10151.751,
688,write,true,63.808,14830.996,
691,read,true,91.379,10431.609,
694,read,true,29.524,11694.588,
697,write,true,717.338,12514.717,
700,read,true,94.716,7033.117,
703,read,true,8.355,7405.084,
706,read,true,114.252,8292.608,
709,write,true,111.816,13437.516,
712,read,true,76.883,7244.116,
715,read,true,95.466,6753.717,
718,write,true,138.828,13264.887,
721,read,true,97.791,7128.451,
724,read,true,13.595,6660.786,
727,write,true,163.553,13756.868,
730,read,true,87.853,9513.088,
733,read,true,21.659,9874.216,
736,read,true,108.951,10354.426,
739,write,true,121.184,12653.674,
742,read,true,79.818,4301.436,
745,read,true,143.435,8412.871,
748,write,true,423.324,16523.512,
751,read,true,239.573,14659.328,
754,read,true,17.263,12664.144,
757,write,true,174.373,9362.249,
760,read,true,71.744,5425.149,
763,read,true,13.935,6007.896,
766,read,true,138.837,6890.34,
769,write,true,273.686,13858.707,
772,read,true,362.421,5365.266,
775,read,true,97.39,5288.483,
778,write,true,121.765,9149.575,
781,read,true,95.437,8265.959,
784,read,true,16.73,7300.39,
787,write,true,169.083,11376.049,
790,read,true,102.018,6484.56,
793,read,true,21.13,6790.065,
796,read,true,96.048,4664.138,
799,write,true,116.175,8224.842,
802,read,true,101.547,8224.441,
805,read,true,103.451,7231.112,
808,write,true,141.501,13413.471,
811,read,true,81.922,13741.37,
814,read,true,17.412,14950.578,
817,write,true,181.216,20747.155,
820,read,true,197.235,7633.888,
823,read,true,39.934,9042.136,
826,read,true,112.499,10562.592,
829,write,true,154.075,22353.078,
832,read,true,309.584,15125.493,
835,read,true,87.301,16286.692,
838,write,true,536.103,32286.014,
841,read,true,91.309,11296.551,
844,read,true,95.927,9072.382,
847,write,true,171.798,13819.785,
850,read,true,665.983,17003.782,
853,read,true,36.057,20408.357,
856,read,true,122.747,9670.61,
859,write,true,154.045,19455.13,
862,read,true,95.978,5649.433,
865,read,true,89.945,10476.702,
868,write,true,97.491,15060.071,
871,read,true,128.498,12080.283,
874,read,true,11.671,7169.708,
877,write,true,336.684,21023.104,
880,read,true,89.065,5711.348,
883,read,true,18.404,5444.133,
886,read,true,102.96,5979.714,
889,write,true,97.101,12875.135,
892,read,true,116.365,12419.23,
895,read,true,84.006,7047.883,
898,write,true,105.707,13528.476,
901,read,true,97.11,6674.512,
904,read,true,18.574,8003.894,
907,write,true,184.331,16064.36,
910,read,true,95.878,6767.574,
913,read,true,16.291,6188.742,
916,read,true,96.099,5015.53,
919,write,true,177.228,9393.437,
922,read,true,72.835,4604.037,
925,read,true,98.962,7975.8,
928,write,true,114.422,15342.955,
931,read,true,106.187,7819.332,
934,read,true,30.957,6298.214,
937,write,true,188.759,12575.5,
940,read,true,100.005,6877.828,
943,read,true,12.383,7832.796,
946,read,true,234.955,19409.436,
949,write,true,111.226,29871.462,
952,read,true,96.068,6460.335,
955,read,true,117.398,6549.761,
958,write,true,129.46,14305.774,
961,read,true,465.843,14584.84,
964,read,true,43.12,17020.783,
967,write,true,167.62,12385.327,
970,read,true,125.482,11466.386,
973,read,true,15.679,12371.291,
976,read,true,380.084,8629.061,
979,write,true,132.695,11058.41,
982,read,true,127.125,7629.389,
985,read,true,105.776,4535.239,
988,write,true,127.386,10142.554,
991,read,true,87.221,8012.178,
994,read,true,18.795,5205.401,
997,write,true,322.968,11133.53,
1000,read,true,307.399,14210.378,
1003,read,true,22.431,13527.403,
1006,read,true,112.147,7916.972,
1009,write,true,123.499,8770.243,
1012,read,true,88.784,5516.206,
1015,read,true,436.308,9068.545,
1018,write,true,181.546,14127.373,
1021,read,true,93.623,4547.873,
1024,read,true,21.429,5343.506,
1027,write,true,454.852,12047.542,
1030,read,true,106.147,6383.793,
1033,read,true,13.756,9913.381,
1036,read,true,105.104,6443.071,
1039,write,true,132.485,21198.85,
1042,read,true,115.944,8540.707,
1045,read,true,93.834,7027.976,
1048,write,true,141.04,13671.97,
1051,read,true,149.637,5570.456,
1054,read,true,22.331,4139.376,
1057,write,true,172.599,12971.632,
1060,read,true,88.473,5914.153,
1063,read,true,29.084,4718.058,
1066,read,true,903.754,8664.506,
1069,write,true,107.95,10993.52,
1072,read,true,87.713,6916.871,
1075,read,true,180.134,5717.679,
1078,write,true,111.196,13085.404,
1081,read,true,104.964,6890.17,
1084,read,true,16.531,6028.546,
1087,write,true,244.613,10996.615,
1090,read,true,137.214,11273.629,
1093,read,true,22.09,9528.526,
1096,read,true,110.755,7602.3,
1099,write,true,139.439,14074.928,
1102,read,true,360.667,6957.134,
1105,read,true,112.338,9953.053,
1108,write,true,103.14,25940.02,
1111,read,true,116.517,8679.825,
1114,read,true,24.386,7643.896,
1117,write,true,178.06,16286.473,
1120,read,true,105.124,6774.857,
1123,read,true,15.298,8107.766,
1126,read,true,89.596,5542.053,
1129,write,true,130.33,9400.991,
1132,read,true,98.312,6210.812,
1135,read,true,109.474,5559.827,
1138,write,true,111.808,12956.276,
1141,read,true,100.787,5910.426,
1144,read,true,17.993,4699.353,
1147,write,true,162.531,17100.571,
1150,read,true,111.847,6621.672,
1153,read,true,37.198,6005.061,
1156,read,true,92.571,12410.704,
1159,write,true,127.807,31498.876,
1162,read,true,113.209,12952.338,
1165,read,true,150.139,10556.841,
1168,write,true,124.039,27572.424,
1171,read,true,184.762,13719.419,
1174,read,true,26.66,12390.959,
1177,write,true,217.171,33628.188,
1180,read,true,108.822,8646.353,
1183,read,true,22.241,7797.642,
1186,read,true,114.423,6910.669,
1189,write,true,222.703,14698.31,
1192,read,true,93.213,6007.636,
1195,read,true,109.052,7455.046,
1198,write,true,95.788,13751.549,
1201,read,true,93.373,5439.985,
1204,read,true,22.151,6162.623,
1207,write,true,165.296,18578.356,
1210,read,true,107.339,5391.745,
1213,read,true,22.12,4164.993,
1216,read,true,114.872,10805.091,
1219,write,true,98.473,20125.072,
1222,read,true,106.789,6064.502,
1225,read,true,102.76,6429.878,
1228,write,true,95.727,12989.868,
1231,read,true,120.763,7483.71,
1234,read,true,20.628,7776.321,
1237,write,true,165.987,22217.957,
1240,read,true,580.845,47602.821,
1243,read,true,49.933,25856.948,
1246,read,true,1014.85,16660.956,
1249,write,true,177.488,27716.33,
1252,read,true,337.435,11272.356,
1255,read,true,98.802,8595.969,
1258,write,true,102.96,20133.617,
1261,read,true,115.053,8246.632,
1264,read,true,27.24,5922.909,
1267,write,true,732.105,11395.324,
1270,read,true,115.243,8178.596,
1273,read,true,16.701,7091.113,
1276,read,true,97.781,5917.219,
1279,write,true,144.036,11856.358,
1282,read,true,113.51,8154.422,
1285,read,true,108.912,4123.226,
1288,write,true,111.036,10719.372,
1291,read,true,101.778,8633.169,
1294,read,true,16.721,7737.17,
1297,write,true,273.246,13914.29,
1300,read,true,112.578,9404.737,
1303,read,true,16.54,8120.128,
1306,read,true,105.796,12092.135,
1309,write,true,197.096,19259.71,
1312,read,true,98.372,8252.865,
1315,read,true,165.737,8048.236,
1318,write,true,168.222,12960.043,
1321,read,true,364.966,5569.074,
1324,read,true,30.717,6318.592,
1327,write,true,200.521,8219.583,
1330,read,true,99.766,8987.735,
1333,read,true,20.578,7964.25,
1336,read,true,84.266,4678.725,
1339,write,true,238.141,9114.26,
1342,read,true,330.532,7997.892,
1345,read,true,129.32,5341.193,
1348,write,true,141.172,11030.91,
1351,read,true,138.366,6798.049,
1354,read,true,20.086,7791.489,
1357,write,true,195.542,10696.149,
1360,read,true,112.418,6074.95,
1363,read,true,17.894,4727.185,
1366,read,true,114.883,5086.25,
1369,write,true,137.144,8454.418,
1372,read,true,112.018,5414.829,
1375,read,true,108.44,5328.698,
1378,write,true,107.468,9013.463,
1381,read,true,80.158,6722.439,
1384,read,true,21.199,4262.064,
1387,write,true,221.701,13585.692,
1390,read,true,122.036,6265.774,
1393,read,true,20.467,5572.14,
1396,read,true,99.034,6102.823,
1399,write,true,133.197,18723.886,
1402,read,true,109.182,7333.732,
1405,read,true,103.832,7298.096,
1408,write,true,117.547,14769.212,
1411,read,true,103.232,9187.125,
1414,read,true,21.108,10087.101,
1417,write,true,173.421,18863.104,
1420,read,true,86.18,8427.919,
1423,read,true,19.525,9461.412,
1426,read,true,87.873,9359.274,
1429,write,true,103.932,19416.208,
1432,read,true,100.236,8887.67,
1435,read,true,83.826,7208.561,
1438,write,true,81.27,9733.125,
1441,read,true,125.031,6039.695,
1444,read,true,19.806,6397.137,
1447,write,true,211.121,14228.511,
1450,read,true,122.927,5635.296,
1453,read,true,22.131,6890.02,
1456,read,true,106.608,7673.401,
1459,write,true,482.755,14917.508,
1462,read,true,120.332,7457.821,
1465,read,true,349.657,11775.528,
1468,write,true,135.651,32605.265,
1471,read,true,100.105,8367.547,
1474,read,true,20.669,8021.235,
1477,write,true,151.46,15805.753,
1480,read,true,124.05,7487.417,
1483,read,true,21.96,6881.103,
1486,read,true,114.803,11122.899,
1489,write,true,96.88,15973.773,
1492,read,true,162.02,9135.858,
1495,read,true,164.966,7456.079,
1498,write,true,307.911,15768.533,
1501,read,true,105.425,5952.415,
1504,read,true,14.688,7934.175,
1507,write,true,164.384,14767.9,
1510,read,true,77.573,15609.59,
1513,read,true,24.476,12584.558,
1516,read,true,99.515,14405.889,
1519,write,true,93.223,21307.071,
1522,read,true,91.119,9377.819,
1525,read,true,102.69,12717.303,
1528,write,true,114.592,24021.117,
1531,read,true,130.903,61618.787,
1534,read,true,19.326,55458.869,
1537,write,true,669.59,23087.378,
1540,read,true,120.714,12523.574,
1543,read,true,28.614,10331.575,
1546,read,true,119.952,15218.384,
1549,write,true,118.509,24746.169,
1552,read,true,103.623,9937.725,
1555,read,true,89.144,7292.875,
1558,write,true,107.64,15318.94,
1561,read,true,102.289,8202.361,
1564,read,true,15.93,6938.13,
1567,write,true,263.077,13451.632,
1570,read,true,113.78,5649.924,
1573,read,true,23.122,4579.962,
1576,read,true,110.986,7300.181,
1579,write,true,112.799,13938.925,
1582,read,true,118.55,6195.484,
1585,read,true,72.984,8184.457,
1588,write,true,121.765,13411.167,
1591,read,true,99.214,15651.868,
1594,read,true,20.328,14812.813,
1597,write,true,169.544,15231.468,
1600,read,true,112.759,14215.467,
1603,read,true,16.74,10423.694,
1606,read,true,97.361,12447.483,
1609,write,true,109.343,29673.386,
1612,read,true,82.703,11890.371,
1615,read,true,117.949,8754.974,
1618,write,true,127.747,17010.574,
1621,read,true,107.239,9161.047,
1624,read,true,23.363,7652.823,
1627,write,true,227.702,15715.486,
1630,read,true,141.673,10440.927,
1633,read,true,44.572,9485.306,
1636,read,true,93.212,6900.339,
1639,write,true,89.405,16877.206,
1642,read,true,604.289,9471.721,
1645,read,true,105.084,7247.051,
1648,write,true,139.998,10255.943,
1651,read,true,119.652,8593.525,
1654,read,true,94.234,6406.434,
1657,write,true,190.153,21788.452,
1660,read,true,92.171,7995.417,
1663,read,true,22.592,7570.721,
1666,read,true,105.645,8725.4,
1669,write,true,94.464,14139.285,
1672,read,true,106.077,8199.947,
1675,read,true,118.609,5554.387,
1678,write,true,91.359,9263.045,
1681,read,true,105.836,7286.905,
1684,read,true,21.22,6279.17,
1687,write,true,156.219,13757.769,
1690,read,true,93.954,17575.61,
1693,read,true,2750.293,19845.895,
1696,read,true,213.995,7806.667,
1699,write,true,124.19,11817.988,
1702,read,true,283.995,6939.271,
1705,read,true,107.409,4581.654,
1708,write,true,122.728,7861.308,
1711,read,true,598.629,4701.097,
1714,read,true,23.022,4789.149,
1717,write,true,193.789,19792.385,
1720,read,true,102.531,9280.549,
1723,read,true,41.557,10149.808,
1726,read,true,96.339,9359.053,
1729,write,true,107.158,18426.756,
1732,read,true,107.62,7695.301,
1735,read,true,104.853,8306.394,
1738,write,true,107.468,13704.43,
1741,read,true,98.233,5197.977,
1744,read,true,26.709,5161.238,
1747,write,true,173.431,8270.307,
1750,read,true,367.702,21380.468,
1753,read,true,42.319,18003.644,
1756,read,true,86.0,14545.108,
1759,write,true,98.07,25274.988,
1762,read,true,284.317,10839.575,
1765,read,true,103.612,11348.407,
1768,write,true,173.231,23751.087,
1771,read,true,119.543,9338.134,
1774,read,true,15.319,8143.603,
1777,write,true,176.828,13076.447,
1780,read,true,101.617,6121.988,
1783,read,true,45.254,5424.167,
1786,read,true,91.138,5689.487,
1789,write,true,116.445,12556.034,
1792,read,true,110.244,7208.64,
1795,read,true,125.403,5094.446,
1798,write,true,113.5,9604.698,
1801,read,true,93.684,5799.942,
1804,read,true,16.381,8383.016,
1807,write,true,171.127,10049.282,
1810,read,true,89.716,6220.239,
1813,read,true,63.889,5447.76,
1816,read,true,74.247,5964.125,
1819,write,true,213.215,9242.167,
1822,read,true,85.528,6388.852,
1825,read,true,503.102,7048.594,
1828,write,true,2215.022,12573.888,
1831,read,true,115.153,7807.92,
1834,read,true,21.82,6813.659,
1837,write,true,135.882,11315.255,
1840,read,true,337.074,4905.706,
1843,read,true,37.039,5523.559,
1846,read,true,113.691,5563.223,
1849,write,true,135.351,8122.644,
1852,read,true,99.415,6734.934,
1855,read,true,112.839,7166.483,
1858,write,true,89.905,12341.466,
1861,read,true,90.498,6653.652,
1864,read,true,20.128,8231.776,
1867,write,true,188.42,12495.081,
1870,read,true,103.02,5969.886,
1873,read,true,34.554,7036.632,
1876,read,true,92.942,4495.597,
1879,write,true,96.297,8831.135,
1882,read,true,77.223,4190.641,
1885,read,true,111.106,6727.088,
1888,write,true,92.972,11197.658,
1891,read,true,392.808,7237.855,
1894,read,true,34.514,8450.621,
1897,write,true,168.191,13846.192,
1900,read,true,105.895,4526.352,
1903,read,true,20.659,3600.609,
1906,read,true,91.839,5965.358,
1909,write,true,104.002,10397.044,
1912,read,true,100.757,6599.743,
1915,read,true,74.928,6449.154,
1918,write,true,70.54,12800.617,
1921,read,true,98.152,6304.156,
1924,read,true,19.606,6927.499,
1927,write,true,170.045,13781.643,
1930,read,true,108.702,6527.82,
1933,read,true,22.231,5455.353,
1936,read,true,92.04,6589.634,
1939,write,true,81.831,12754.09,
1942,read,true,104.975,10279.439,
1945,read,true,117.327,38896.366,
1948,write,true,102.129,40819.678,
1951,read,true,4753.545,7417.608,
1954,read,true,94.966,6089.869,
1957,write,true,154.335,33554.593,
1960,read,true,107.128,34828.382,
1963,read,true,15.199,42391.9,
1966,read,true,470.361,9923.759,
1969,write,true,176.126,28390.229,
1972,read,true,89.837,49983.249,
1975,read,true,86.01,14449.731,
1978,write,true,159.034,32119.856,
1981,read,true,90.087,20195.463,
1984,read,true,19.467,17744.183,
1987,write,true,198.919,12201.657,
1990,read,true,133.427,14021.148,
1993,read,true,33.101,13477.22,
1996,read,true,84.777,8626.757,
1999,write,true,98.842,21762.985,
2002,read,true,157.09,8255.248,
2005,read,true,113.119,8703.058,
2008,write,true,122.086,18283.881,
2011,read,true,96.859,9783.92,
2014,read,true,14.306,11848.123,
2017,write,true,343.226,16328.881,
2020,read,true,108.972,9139.667,
2023,read,true,26.55,9840.495,
2026,read,true,95.828,7248.845,
2029,write,true,107.97,13082.168,
2032,read,true,108.08,6548.348,
2035,read,true,87.822,4371.896,
2038,write,true,103.152,12283.008,
2041,read,true,102.771,5928.359,
2044,read,true,22.202,4681.36,
2047,write,true,197.485,19539.607,
2050,read,true,89.246,6674.18,
2053,read,true,20.338,6219.228,
2056,read,true,80.489,9713.159,
2059,write,true,80.399,16475.652,
2062,read,true,846.188,9161.187,
2065,read,true,105.236,8153.64,
2068,write,true,113.761,15713.972,
2071,read,true,102.901,8879.345,
2074,read,true,13.504,8779.74,
2077,write,true,145.931,10967.643,
2080,read,true,104.053,9176.094,
2083,read,true,19.535,7932.24,
2086,read,true,123.599,9796.423,
2089,write,true,80.649,21605.473,
2092,read,true,107.89,7710.55,
2095,read,true,114.031,7882.478,
2098,write,true,301.489,11813.88,
2101,read,true,183.16,7055.557,
2104,read,true,62.947,6150.1,
2107,write,true,152.111,22287.355,
2110,read,true,88.454,5137.876,
2113,read,true,17.983,6075.481,
2116,read,true,86.791,7438.016,
2119,write,true,76.912,14296.476,
2122,read,true,74.187,7134.733,
2125,read,true,90.567,11920.105,
2128,write,true,85.779,24609.898,
2131,read,true,104.233,15009.498,
2134,read,true,18.002,12006.325,
2137,write,true,147.913,38440.302,
2140,read,true,91.94,13989.328,
2143,read,true,16.84,11096.55,
2146,read,true,102.008,6738.57,
2149,write,true,93.303,13123.073,
2152,read,true,110.736,5798.75,
2155,read,true,87.672,7303.175,
2158,write,true,99.295,12835.512,
2161,read,true,88.283,7406.757,
2164,read,true,20.237,8292.458,
2167,write,true,151.01,22085.393,
2170,read,true,99.745,5804.841,
2173,read,true,14.687,8259.987,
2176,read,true,105.175,8887.7,
2179,write,true,126.655,14178.859,
2182,read,true,84.988,6104.416,
2185,read,true,103.0,7904.209,
2188,write,true,117.828,14592.095,
2191,read,true,86.019,6993.833,
2194,read,true,32.159,6100.147,
2197,write,true,157.652,12564.47,
2200,read,true,78.627,4622.772,
2203,read,true,87.923,6134.021,
2206,read,true,108.66,4706.205,
2209,write,true,112.759,13600.618,
2212,read,true,87.943,5657.919,
2215,read,true,94.825,5510.255,
2218,write,true,94.103,8996.02,
2221,read,true,96.669,5400.572,
2224,read,true,18.473,5974.264,
2227,write,true,150.348,11137.677,
2230,read,true,93.905,8186.072,
2233,read,true,20.098,7426.264,
2236,read,true,102.45,6331.836,
2239,write,true,87.763,14170.764,
2242,read,true,102.12,6136.886,
2245,read,true,83.314,10713.181,
2248,write,true,108.64,21871.716,
2251,read,true,114.221,6617.355,
2254,read,true,35.335,5414.016,
2257,write,true,151.822,29690.247,
2260,read,true,92.029,8494.692,
2263,read,true,11.551,8302.226,
2266,read,true,203.927,12987.263,
2269,write,true,119.391,29352.741,
2272,read,true,98.863,9749.856,
2275,read,true,99.754,9309.09,
2278,write,true,115.764,18602.181,
2281,read,true,320.404,8017.75,
2284,read,true,15.127,7031.812,
2287,write,true,175.866,11994.574,
2290,read,true,123.228,7554.33,
2293,read,true,32.461,9491.789,
2296,read,true,105.155,8515.872,
2299,write,true,98.803,17655.849,
2302,read,true,84.637,26448.654,
2305,read,true,98.834,14901.157,
2308,write,true,93.524,23917.506,
2311,read,true,88.304,11659.554,
2314,read,true,20.978,9906.988,
2317,write,true,164.654,28987.545,
2320,read,true,79.026,27156.765,
2323,read,true,26.509,32693.829,
2326,read,true,92.931,19497.92,
2329,write,true,101.017,27703.767,
2332,read,true,78.535,20480.921,
2335,read,true,87.582,36740.915,
2338,write,true,6781.199,36601.215,
2341,read,true,99.053,18899.883,
2344,read,true,18.736,14593.068,
2347,write,true,213.325,12535.706,
2350,read,true,134.88,5334.46,
2353,read,true,20.618,4344.096,
2356,read,true,86.19,7813.38,
2359,write,true,99.274,19144.034,
2362,read,true,83.886,5188.639,
2365,read,true,132.385,9325.361,
2368,write,true,129.108,27227.275,
2371,read,true,80.729,13710.722,
2374,read,true,12.853,8704.921,
2377,write,true,162.741,10473.567,
2380,read,true,90.738,21391.928,
2383,read,true,27.54,19166.937,
2386,read,true,88.594,13884.494,
2389,write,true,93.342,14882.071,
2392,read,true,110.073,7704.489,
2395,read,true,95.897,5334.259,
2398,write,true,108.24,14567.129,
2401,read,true,89.245,7085.122,
2404,read,true,20.227,7234.99,
2407,write,true,151.26,16026.621,
2410,read,true,164.144,5386.957,
2413,read,true,59.982,4514.161,
2416,read,true,88.323,6390.785,
2419,write,true,77.093,14087.641,
2422,read,true,91.49,4297.279,
2425,read,true,105.214,4422.28,
2428,write,true,105.736,9323.627,
2431,read,true,82.292,5033.252,
2434,read,true,21.811,5806.334,
2437,write,true,166.799,12314.147,
2440,read,true,79.427,5512.018,
2443,read,true,13.916,6566.992,
2446,read,true,102.109,6769.828,
2449,write,true,106.908,14827.871,
2452,read,true,90.006,5339.85,
2455,read,true,127.586,5868.337,
2458,write,true,218.444,11344.32,
2461,read,true,102.22,8587.684,
2464,read,true,44.842,9283.082,
2467,write,true,137.745,18138.983,
2470,read,true,76.222,10739.179,
2473,read,true,15.259,11134.883,
2476,read,true,95.087,7069.272,
2479,write,true,122.387,16134.511,
2482,read,true,101.448,6127.178,
2485,read,true,92.672,7816.476,
2488,write,true,157.391,18637.075,
2491,read,true,99.485,6824.219,
2494,read,true,14.286,8160.372,
2497,write,true,161.6,12056.348,
2500,read,true,210.44,19380.513,
2503,read,true,27.29,15641.086,
2506,read,true,112.349,12335.866,
2509,write,true,556.301,29535.27,
2512,read,true,291.46,9567.61,
2515,read,true,107.409,9219.545,
2518,write,true,96.949,17808.862,
2521,read,true,168.272,19069.637,
2524,read,true,25.117,16891.263,
2527,write,true,208.657,34757.08,
2530,read,true,88.012,10932.377,
2533,read,true,25.087,10672.616,
2536,read,true,89.405,10947.454,
2539,write,true,91.209,22178.224,
2542,read,true,93.123,10308.912,
2545,read,true,85.598,6327.168,
2548,write,true,98.142,18774.3,
2551,read,true,86.199,15165.365,
2554,read,true,28.623,27908.867,
2557,write,true,195.923,18309.269,
2560,read,true,106.867,8551.026,
2563,read,true,12.904,11404.301,
2566,read,true,120.202,15986.967,
2569,write,true,171.307,33871.86,
2572,read,true,94.323,15308.491,
2575,read,true,107.259,7851.561,
2578,write,true,87.532,16841.591,
2581,read,true,101.929,10665.293,
2584,read,true,12.452,7939.503,
2587,write,true,137.685,24726.924,
2590,read,true,97.29,6269.672,
2593,read,true,18.425,6996.508,
2596,read,true,107.349,6152.785,
2599,write,true,172.51,18018.12,
2602,read,true,81.261,9238.571,
2605,read,true,114.783,12602.881,
2608,write,true,171.187,30433.713,
2611,read,true,89.506,7394.434,
2614,read,true,32.87,6416.783,
2617,write,true,159.304,15704.124,
2620,read,true,107.73,5775.336,
2623,read,true,19.015,5025.788,
2626,read,true,100.196,4774.423,
2629,write,true,100.847,11790.676,
2632,read,true,93.232,7350.142,
2635,read,true,94.464,6936.967,
2638,write,true,90.669,15364.606,
2641,read,true,108.791,8649.038,
2644,read,true,13.315,7564.479,
2647,write,true,183.589,11846.98,
2650,read,true,98.662,6467.617,
2653,read,true,16.301,5492.543,
2656,read,true,112.168,13417.189,
2659,write,true,92.642,24257.375,
2662,read,true,419.097,8622.128,
2665,read,true,88.925,9596.162,
2668,write,true,1469.913,23552.589,
2671,read,true,84.306,9368.119,
2674,read,true,27.581,11132.517,
2677,write,true,164.796,22195.276,
2680,read,true,104.033,12231.482,
2683,read,true,29.535,6093.836,
2686,read,true,166.198,4106.024,
2689,write,true,273.226,6868.791,
2692,read,true,90.778,10577.169,
2695,read,true,105.175,7661.229,
2698,write,true,99.044,19346.14,
2701,read,true,101.359,4885.539,
2704,read,true,18.303,5648.812,
2707,write,true,157.01,20824.697,
2710,read,true,85.96,7278.73,
2713,read,true,13.315,6757.615,
2716,read,true,115.834,6034.777,
2719,write,true,94.895,13954.964,
2722,read,true,75.089,8262.583,
2725,read,true,92.261,11600.614,
2728,write,true,118.86,18315.781,
2731,read,true,103.231,16188.982,
2734,read,true,14.087,10245.155,
2737,write,true,215.349,47701.634,
2740,read,true,65.43,75406.823,
2743,read,true,17.803,38137.922,
2746,read,true,98.582,49331.091,
2749,write,true,82.062,82128.392,
2752,read,true,188.67,16868.531,
2755,read,true,218.535,16595.434,
2758,write,true,104.262,32182.982,
2761,read,true,90.057,16486.843,
2764,read,true,30.938,7125.516,
2767,write,true,121.525,15797.696,
2770,read,true,107.117,11011.322,
2773,read,true,30.206,12652.853,
2776,read,true,92.502,68670.519,
2779,write,true,92.101,75181.037,
2782,read,true,86.571,32934.966,
2785,read,true,100.757,15628.705,
2788,write,true,81.01,24258.396,
2791,read,true,86.86,19142.251,
2794,read,true,46.988,21195.776,
2797,write,true,125.192,27234.489,
2800,read,true,97.089,7686.735,
2803,read,true,31.139,6560.4,
2806,read,true,95.407,6699.728,
2809,write,true,93.614,10493.744,
2812,read,true,90.658,19419.035,
2815,read,true,774.906,7875.616,
2818,write,true,109.343,8912.086,
2821,read,true,82.382,9207.351,
2824,read,true,17.422,9101.536,
2827,write,true,178.159,16866.005,
2830,read,true,114.383,13602.452,
2833,read,true,18.194,10043.942,
2836,read,true,95.256,15081.01,
2839,write,true,77.253,37860.156,
2842,read,true,83.314,6402.848,
2845,read,true,393.388,18390.469,
2848,write,true,104.693,34836.527,
2851,read,true,105.356,14159.224,
2854,read,true,16.09,16212.957,
2857,write,true,149.026,12625.543,
2860,read,true,97.941,12802.44,
2863,read,true,22.902,11134.421,
2866,read,true,90.638,8363.018,
2869,write,true,97.761,22643.967,
2872,read,true,111.295,9465.329,
2875,read,true,108.762,7378.224,
2878,write,true,114.754,16452.792,
2881,read,true,221.25,9006.731,
2884,read,true,28.663,8107.505,
2887,write,true,161.388,28077.189,
2890,read,true,102.511,9119.53,
2893,read,true,36.718,8425.595,
2896,read,true,96.718,11754.418,
2899,write,true,79.557,14625.968,
2902,read,true,91.75,6020.199,
2905,read,true,94.264,6779.295,
2908,write,true,118.991,13772.045,
2911,read,true,76.902,7336.897,
2914,read,true,15.368,6101.019,
2917,write,true,610.531,81620.371,
2920,read,true,82.914,12999.836,
2923,read,true,16.961,12881.196,
2926,read,true,107.559,9727.526,
2929,write,true,100.306,18447.565,
2932,read,true,113.48,19919.039,
2935,read,true,119.892,15239.033,
2938,write,true,82.703,28681.808,
2941,read,true,86.009,10167.902,
2944,read,true,19.836,12048.113,
2947,write,true,214.327,12451.4,
2950,read,true,124.62,6284.288,
2953,read,true,34.103,7120.367,
2956,read,true,104.303,9157.038,
2959,write,true,94.055,37036.893,
2962,read,true,93.123,11071.896,
2965,read,true,718.191,16885.332,
2968,write,true,87.853,27548.771,
2971,read,true,296.899,51494.277,
2974,read,true,32.19,59467.073,
2977,write,true,179.012,17822.478,
2980,read,true,108.762,6569.006,
2983,read,true,34.413,9787.666,
2986,read,true,108.691,10084.597,
2989,write,true,322.758,17674.353,
2992,read,true,104.363,9251.433,
2995,read,true,119.852,9016.238,
2998,write,true,116.416,14275.278,
3001,read,true,247.67,16297.704,
3004,read,true,22.773,19685.579,
3007,write,true,154.435,15430.327,
3010,read,true,78.055,6714.827,
3013,read,true,34.974,7115.788,
3016,read,true,105.285,3999.477,
3019,write,true,68.287,12442.494,
3022,read,true,88.645,6416.563,
3025,read,true,671.384,11950.072,
3028,write,true,105.676,28202.311,
3031,read,true,102.89,12102.975,
3034,read,true,19.567,10078.546,
3037,write,true,1155.449,19869.899,
3040,read,true,96.177,11742.185,
3043,read,true,23.053,8462.302,
3046,read,true,85.409,17072.73,
3049,write,true,112.288,33166.053,
3052,read,true,89.075,6336.305,
3055,read,true,89.666,6974.326,
3058,write,true,83.695,15585.103,
3061,read,true,87.051,5490.519,
3064,read,true,15.358,4618.333,
3067,write,true,133.037,11460.996,
3070,read,true,101.839,11515.386,
3073,read,true,16.1,12317.512,
3076,read,true,97.962,8653.627,
3079,write,true,102.429,17143.509,
3082,read,true,142.544,5629.056,
3085,read,true,102.59,5669.259,
3088,write,true,76.712,16923.803,
3091,read,true,121.014,7295.822,
3094,read,true,20.878,6149.259,
3097,write,true,139.708,17110.499,
3100,read,true,101.128,12304.138,
3103,read,true,24.505,13445.701,
3106,read,true,89.746,6411.033,
3109,write,true,80.329,14696.839,
3112,read,true,130.712,5314.603,
3115,read,true,76.08,7902.845,
3118,write,true,78.004,15684.126,
3121,read,true,171.257,6043.503,
3124,read,true,19.667,7733.061,
3127,write,true,216.932,19599.299,
3130,read,true,111.427,8987.054,
3133,read,true,14.527,7886.045,
3136,read,true,109.512,6581.349,
3139,write,true,245.795,14315.102,
3142,read,true,79.147,8609.805,
3145,read,true,110.425,8230.643,
3148,write,true,112.029,20722.829,
3151,read,true,102.47,9252.065,
3154,read,true,13.605,10219.857,
3157,write,true,143.375,13095.643,
3160,read,true,90.156,7085.632,
3163,read,true,44.202,5246.617,
3166,read,true,83.254,6616.153,
3169,write,true,114.091,9145.476,
3172,read,true,168.232,4754.385,
3175,read,true,186.925,7244.707,
3178,write,true,256.304,15067.976,
3181,read,true,94.594,7755.833,
3184,read,true,32.93,6477.305,
3187,write,true,141.001,18052.153,
3190,read,true,95.277,4980.084,
3193,read,true,12.943,4893.371,
3196,read,true,91.921,5024.665,
3199,write,true,81.442,14047.326,
3202,read,true,103.03,7651.019,
3205,read,true,107.41,7462.08,
3208,write,true,98.884,14151.068,
3211,read,true,92.922,6863.07,
3214,read,true,13.214,5755.94,
3217,write,true,180.554,26877.356,
3220,read,true,90.137,8075.236,
3223,read,true,11.711,9821.258,
3226,read,true,167.741,9400.941,
3229,write,true,95.677,15293.112,
3232,read,true,281.651,11823.197,
3235,read,true,235.276,18041.082,
3238,write,true,91.308,27249.836,
3241,read,true,161.298,13022.708,
3244,read,true,21.811,25085.54,
3247,write,true,131.995,29594.57,
3250,read,true,91.6,5033.864,
3253,read,true,21.891,6568.796,
3256,read,true,110.975,7707.513,
3259,write,true,128.238,15025.017,
3262,read,true,85.598,6524.051,
3265,read,true,101.838,23239.368,
3268,write,true,104.463,32123.633,
3271,read,true,310.965,15281.461,
3274,read,true,19.817,13180.23,
3277,write,true,127.907,15812.805,
3280,read,true,236.227,9472.544,
3283,read,true,20.318,8882.63,
3286,read,true,121.835,7816.586,
3289,write,true,118.269,17901.824,
3292,read,true,637.029,13613.111,
3295,read,true,110.855,13595.378,
3298,write,true,470.43,21510.015,
3301,read,true,96.208,7197.499,
3304,read,true,19.647,10008.307,
3307,write,true,215.529,17681.185,
3310,read,true,120.604,7579.057,
3313,read,true,26.85,7038.646,
3316,read,true,105.145,7886.256,
3319,write,true,90.537,11376.138,
3322,read,true,91.9,11255.205,
3325,read,true,129.36,7571.923,
3328,write,true,107.279,17408.611,
3331,read,true,103.942,30494.395,
3334,read,true,12.704,32229.439,
3337,write,true,149.939,21331.606,
3340,read,true,96.379,8054.628,
3343,read,true,16.371,9627.77,
3346,read,true,97.63,6760.74,
3349,write,true,345.501,16144.53,
3352,read,true,92.191,7206.156,
3355,read,true,89.296,9168.921,
3358,write,true,97.38,17863.923,
3361,read,true,100.206,4946.03,
3364,read,true,18.113,4252.215,
3367,write,true,306.087,10565.768,
3370,read,true,115.694,13903.099,
3373,read,true,19.116,13411.728,
3376,read,true,82.864,5084.697,
3379,write,true,72.374,17862.732,
3382,read,true,222.603,8821.568,
3385,read,true,76.492,9389.96,
3388,write,true,71.272,20439.383,
3391,read,true,86.12,3465.88,
3394,read,true,21.53,5731.364,
3397,write,true,151.931,13403.423,
3400,read,true,95.868,5608.838,
3403,read,true,13.063,6662.598,
3406,read,true,79.096,7544.322,
3409,write,true,77.203,13658.345,
3412,read,true,84.978,15321.045,
3415,read,true,79.638,8548.212,
3418,write,true,67.124,18959.112,
3421,read,true,973.603,9132.573,
3424,read,true,133.578,6209.461,
3427,write,true,153.625,14863.678,
3430,read,true,114.503,6472.929,
3433,read,true,59.45,6372.161,
3436,read,true,100.476,6433.755,
3439,write,true,99.245,13493.741,
3442,read,true,100.847,8319.168,
3445,read,true,105.655,6641.119,
3448,write,true,127.015,13488.651,
3451,read,true,99.585,8498.129,
3454,read,true,27.772,9328.828,
3457,write,true,170.345,16079.128,
3460,read,true,107.43,11057.079,
3463,read,true,28.964,9960.908,
3466,read,true,92.02,6383.201,
3469,write,true,311.337,19976.556,
3472,read,true,1064.081,11155.45,
3475,read,true,332.626,8021.275,
3478,write,true,135.901,13702.647,
3481,read,true,102.851,8441.554,
3484,read,true,22.221,7891.665,
3487,write,true,146.692,20056.094,
3490,read,true,102.84,8123.194,
3493,read,true,17.142,7134.624,
3496,read,true,126.404,6921.258,
3499,write,true,188.89,15696.36,
3502,read,true,101.849,7500.01,
3505,read,true,86.901,8645.612,
3508,write,true,117.499,19345.409,
3511,read,true,79.036,5380.584,
3514,read,true,12.853,5969.324,
3517,write,true,150.117,17604.734,
3520,read,true,91.319,7615.865,
3523,read,true,13.606,6955.863,
3526,read,true,94.835,5442.68,
3529,write,true,158.172,13857.133,
3532,read,true,93.602,19958.592,
3535,read,true,125.934,6532.449,
3538,write,true,120.494,14949.808,
3541,read,true,107.36,5917.831,
3544,read,true,21.699,6236.639,
3547,write,true,129.84,18011.747,
3550,read,true,113.29,12854.627,
3553,read,true,20.248,13766.937,
3556,read,true,99.554,10102.34,
3559,write,true,89.917,16742.648,
3562,read,true,82.132,6841.68,
3565,read,true,88.013,6897.014,
3568,write,true,108.25,17990.338,
3571,read,true,146.011,8425.625,
3574,read,true,14.166,8583.307,
3577,write,true,163.563,14129.688,
3580,read,true,90.228,11588.823,
3583,read,true,14.206,13067.872,
3586,read,true,103.551,8545.276,
3589,write,true,82.723,14660.942,
3592,read,true,95.538,12552.919,
3595,read,true,107.909,9443.939,
3598,write,true,88.083,25879.449,
3601,read,true,94.966,7568.016,
3604,read,true,16.15,5987.599,
3607,write,true,141.672,11025.309,
3610,read,true,85.809,5103.421,
3613,read,true,13.917,5622.063,
3616,read,true,97.902,5468.158,
3619,write,true,75.039,14290.336,
3622,read,true,119.811,6063.699,
3625,read,true,103.611,6101.439,
3628,write,true,83.715,12495.511,
3631,read,true,90.588,9648.539,
3634,read,true,19.005,9564.343,
3637,write,true,137.395,9756.449,
3640,read,true,111.796,11905.819,
3643,read,true,14.687,7912.794,
3646,read,true,85.468,7003.731,
3649,write,true,89.125,14534.757,
3652,read,true,119.441,9334.587,
3655,read,true,98.914,8832.167,
3658,write,true,273.237,18133.443,
3661,read,true,66.494,19373.39,
3664,read,true,22.35,17645.64,
3667,write,true,160.898,25532.376,
3670,read,true,106.798,9245.994,
3673,read,true,29.695,11029.237,
3676,read,true,91.83,30087.813,
3679,write,true,65.672,58184.858,
3682,read,true,179.983,22960.462,
3685,read,true,98.442,11994.864,
3688,write,true,147.904,20783.29,
3691,read,true,89.466,19678.255,
3694,read,true,28.402,26481.744,
3697,write,true,100.866,78124.266,
3700,read,true,92.462,19937.996,
3703,read,true,14.967,19798.577,
3706,read,true,113.831,11920.657,
3709,write,true,63.658,20612.485,
3712,read,true,81.381,8652.655,
3715,read,true,131.683,8384.027,
3718,write,true,67.304,17896.955,
3721,read,true,107.73,10624.888,
3724,read,true,21.53,9109.37,
3727,write,true,154.977,23060.408,
3730,read,true,93.072,9946.46,
3733,read,true,18.925,12741.798,
3736,read,true,94.053,14210.708,
3739,write,true,49.773,25323.499,
3742,read,true,103.482,11535.845,
3745,read,true,132.155,8196.65,
3748,write,true,81.811,16181.689,
3751,read,true,1652.29,17005.585,
3754,read,true,44.773,8486.276,
3757,write,true,152.732,17104.487,
3760,read,true,97.05,16043.543,
3763,read,true,18.034,11775.449,
3766,read,true,537.676,16405.212,
3769,write,true,116.817,17441.882,
3772,read,true,88.774,8709.489,
3775,read,true,89.736,5312.419,
3778,write,true,80.108,12822.698,
3781,read,true,105.264,4950.928,
3784,read,true,16.651,3908.108,
3787,write,true,116.796,11790.004,
3790,read,true,74.579,13312.194,
3793,read,true,17.312,12206.697,
3796,read,true,104.304,9939.979,
3799,write,true,75.45,19256.964,
3802,read,true,420.598,5840.617,
3805,read,true,68.126,4622.07,
3808,write,true,272.744,9312.366,
3811,read,true,78.876,6548.467,
3814,read,true,28.773,5415.059,
3817,write,true,1006.203,20349.578,
3820,read,true,78.085,5450.705,
3823,read,true,21.671,5205.381,
3826,read,true,99.032,7075.043,
3829,write,true,65.421,15416.211,
3832,read,true,92.361,7912.264,
3835,read,true,84.286,8503.829,
3838,write,true,45.113,17556.595,
3841,read,true,97.241,9271.972,
3844,read,true,22.05,9134.807,
3847,write,true,124.961,14995.732,
3850,read,true,92.961,8971.115,
3853,read,true,13.735,11418.948,
3856,read,true,96.238,6011.192,
3859,write,true,71.663,19102.258,
3862,read,true,103.362,9858.859,
3865,read,true,95.788,6165.058,
3868,write,true,70.932,15215.339,
3871,read,true,110.856,10517.91,
3874,read,true,22.451,13151.015,
3877,write,true,143.626,23177.896,
3880,read,true,103.803,5057.447,
3883,read,true,19.706,5585.684,
3886,read,true,81.441,5019.587,
3889,write,true,80.661,15223.375,
3892,read,true,85.308,19504.973,
3895,read,true,88.383,5255.494,
3898,write,true,67.214,15291.901,
3901,read,true,129.519,7571.042,
3904,read,true,21.901,8305.472,
3907,write,true,139.328,21011.403,
3910,read,true,89.284,12164.198,
3913,read,true,21.48,11548.237,
3916,read,true,106.477,7638.968,
3919,write,true,62.455,19916.626,
3922,read,true,93.293,12610.866,
3925,read,true,111.907,7436.963,
3928,write,true,73.776,14062.434,
3931,read,true,316.235,23929.326,
3934,read,true,43.861,22962.987,
3937,write,true,143.847,12748.019,
3940,read,true,382.428,19833.702,
3943,read,true,76.592,9099.332,
3946,read,true,81.171,12370.33,
3949,write,true,80.139,44551.32,
3952,read,true,97.74,9805.109,
3955,read,true,300.737,7377.493,
3958,write,true,62.666,9491.599,
3961,read,true,87.622,7414.272,
3964,read,true,12.263,8662.374,
3967,write,true,128.818,16662.248,
3970,read,true,107.76,13195.799,
3973,read,true,16.801,12139.432,
3976,read,true,153.945,8103.056,
3979,write,true,243.861,14588.247,
3982,read,true,97.841,13810.106,
3985,read,true,101.177,11365.028,
3988,write,true,90.287,20186.245,
3991,read,true,107.599,7804.083,
3994,read,true,16.712,7117.071,
3997,write,true,143.455,13897.558,
4000,read,true,85.769,5380.705,
4003,read,true,19.747,6036.13,
4006,read,true,87.152,7861.169,
4009,write,true,98.683,18628.561,
4012,read,true,95.797,6541.745,
4015,read,true,373.762,4762.921,
4018,write,true,138.586,12760.122,
4021,read,true,85.488,10577.309,
4024,read,true,21.58,8952.399,
4027,write,true,156.75,18524.037,
4030,read,true,353.615,5688.616,
4033,read,true,115.714,5895.127,
4036,read,true,102.18,7606.287,
4039,write,true,78.195,18355.394,
4042,read,true,101.779,7533.392,
4045,read,true,94.875,4261.652,
4048,write,true,71.051,15424.435,
4051,read,true,70.12,10576.999,
4054,read,true,13.966,12013.92,
4057,write,true,131.313,16401.857,
4060,read,true,90.769,9859.531,
4063,read,true,21.711,11275.834,
4066,read,true,77.914,5236.608,
4069,write,true,64.028,14022.489,
4072,read,true,199.119,19237.528,
4075,read,true,121.165,8619.273,
4078,write,true,73.175,14252.906,
4081,read,true,106.418,4320.972,
4084,read,true,10.509,4972.318,
4087,write,true,235.567,12347.929,
4090,read,true,94.094,6077.546,
4093,read,true,11.741,6003.859,
4096,read,true,106.658,4683.755,
4099,write,true,115.414,9805.439,
4102,read,true,104.162,14191.973,
4105,read,true,420.979,4790.742,
4108,write,true,65.601,13642.796,
4111,read,true,86.541,3577.947,
4114,read,true,29.094,4837.409,
4117,write,true,177.658,14801.552,
4120,read,true,101.828,8159.962,
4123,read,true,13.796,9432.519,
4126,read,true,84.116,4538.686,
4129,write,true,59.31,8041.573,
4132,read,true,87.582,4869.397,
4135,read,true,95.757,7872.52,
4138,write,true,74.978,16493.235,
4141,read,true,104.164,6780.548,
4144,read,true,14.025,6064.811,
4147,write,true,122.637,8195.217,
4150,read,true,94.996,8362.989,
4153,read,true,17.723,6724.924,
4156,read,true,109.182,6238.123,
4159,write,true,112.178,18226.265,
4162,read,true,100.156,6600.825,
4165,read,true,90.067,5709.635,
4168,write,true,76.973,14581.064,
4171,read,true,103.471,5225.738,
4174,read,true,25.949,3521.201,
4177,write,true,138.947,16387.8,
4180,read,true,117.307,6477.657,
4183,read,true,15.108,5703.092,
4186,read,true,102.49,5322.247,
4189,write,true,44.533,14024.493,
4192,read,true,119.191,5254.671,
4195,read,true,93.713,4791.053,
4198,write,true,72.414,8744.164,
4201,read,true,88.945,5647.43,
4204,read,true,22.611,5844.213,
4207,write,true,127.997,13068.484,
4210,read,true,74.739,5315.955,
4213,read,true,19.026,6301.361,
4216,read,true,87.042,9808.406,
4219,write,true,68.247,16726.087,
4222,read,true,87.041,6207.005,
4225,read,true,108.081,6391.617,
4228,write,true,75.009,15886.391,
4231,read,true,153.625,6124.774,
4234,read,true,19.286,5880.461,
4237,write,true,113.891,11925.836,
4240,read,true,92.03,3764.131,
4243,read,true,42.389,4225.206,
4246,read,true,74.928,3367.767,
4249,write,true,78.635,8211.147,
4252,read,true,82.473,4886.821,
4255,read,true,99.415,5225.157,
4258,write,true,62.766,13368.578,
4261,read,true,92.511,7346.526,
4264,read,true,13.154,8249.258,
4267,write,true,125.753,13591.301,
4270,read,true,112.859,11398.651,
4273,read,true,33.381,11480.812,
4276,read,true,101.218,9883.134,
4279,write,true,59.871,19852.156,
4282,read,true,97.681,11582.631,
4285,read,true,85.378,5702.961,
4288,write,true,51.386,9848.78,
4291,read,true,84.757,6399.382,
4294,read,true,19.245,5725.714,
4297,write,true,133.567,18366.404,
4300,read,true,113.039,10019.706,
4303,read,true,15.098,9310.743,
4306,read,true,176.015,14222.951,
4309,write,true,61.624,29652.146,
4312,read,true,97.982,18711.474,
4315,read,true,104.965,5137.765,
4318,write,true,56.575,32548.601,
4321,read,true,95.317,20688.555,
4324,read,true,14.608,17702.205,
4327,write,true,932.637,76159.618,
4330,read,true,152.402,18509.86,
4333,read,true,1167.633,16694.407,
4336,read,true,465.913,21188.922,
4339,write,true,95.948,24475.229,
4342,read,true,104.064,9590.353,
4345,read,true,95.467,5877.155,
4348,write,true,292.191,19172.226,
4351,read,true,100.026,8814.524,
4354,read,true,33.763,8280.887,
4357,write,true,122.567,12956.065,
4360,read,true,93.854,9570.646,
4363,read,true,319.772,7221.885,
4366,read,true,105.226,8002.862,
4369,write,true,90.317,18287.669,
4372,read,true,108.342,9324.991,
4375,read,true,110.935,5866.023,
4378,write,true,71.533,15252.658,
4381,read,true,361.551,5763.835,
4384,read,true,19.206,10837.512,
4387,write,true,117.488,13869.336,
4390,read,true,109.212,6400.644,
4393,read,true,16.3,5695.508,
4396,read,true,109.353,6045.146,
4399,write,true,68.397,17722.792,
4402,read,true,96.95,6335.123,
4405,read,true,91.831,5940.563,
4408,write,true,51.575,11052.059,
4411,read,true,78.605,4680.007,
4414,read,true,22.433,5434.866,
4417,write,true,122.717,10365.257,
4420,read,true,148.486,3938.836,
4423,read,true,43.4,4136.551,
4426,read,true,216.561,5552.213,
4429,write,true,74.819,17546.436,
4432,read,true,94.796,8476.528,
4435,read,true,118.499,8973.098,
4438,write,true,64.038,16187.9,
4441,read,true,79.206,6288.095,
4444,read,true,17.443,5665.272,
4447,write,true,121.334,15562.601,
4450,read,true,197.937,9785.042,
4453,read,true,28.712,7745.785,
4456,read,true,163.573,7079.642,
4459,write,true,113.661,17076.986,
4462,read,true,182.087,7575.389,
4465,read,true,115.113,5928.068,
4468,write,true,100.727,12853.756,
4471,read,true,90.789,4490.727,
4474,read,true,30.967,5254.231,
4477,write,true,127.166,21585.266,
4480,read,true,86.761,8365.282,
4483,read,true,11.551,8698.509,
4486,read,true,96.61,5409.008,
4489,write,true,53.65,15208.997,
4492,read,true,97.28,5798.288,
4495,read,true,113.24,8284.975,
4498,write,true,60.773,20145.981,
4501,read,true,92.401,8093.149,
4504,read,true,13.374,4749.326,
4507,write,true,133.207,11598.391,
4510,read,true,80.579,6149.95,
4513,read,true,12.133,8552.83,
4516,read,true,84.186,17201.097,
4519,write,true,75.41,22481.546,
4522,read,true,86.47,12014.511,
4525,read,true,99.936,5066.824,
4528,write,true,113.5,12043.003,
4531,read,true,112.518,8154.011,
4534,read,true,21.79,7670.496,
4537,write,true,119.301,17897.757,
4540,read,true,118.76,5224.025,
4543,read,true,15.078,6178.383,
4546,read,true,91.911,34015.317,
4549,write,true,59.399,83445.631,
4552,read,true,340.271,13177.856,
4555,read,true,481.963,36246.869,
4558,write,true,74.537,43022.447,
4561,read,true,222.012,19150.166,
4564,read,true,324.771,18973.749,
4567,write,true,136.443,94040.764,
4570,read,true,59.781,44603.105,
4573,read,true,27.792,56036.971,
4576,read,true,297.181,11426.081,
4579,write,true,61.935,19672.534,
4582,read,true,86.39,5363.833,
4585,read,true,103.352,5585.645,
4588,write,true,54.181,8256.902,
4591,read,true,111.628,5872.236,
4594,read,true,23.613,5961.661,
4597,write,true,123.609,11303.324,
4600,read,true,100.355,9833.952,
4603,read,true,54.101,9746.211,
4606,read,true,97.149,8292.057,
4609,write,true,68.417,46647.091,
4612,read,true,87.422,22157.035,
4615,read,true,96.148,7467.66,
4618,write,true,68.647,29128.997,
4621,read,true,260.613,14164.063,
4624,read,true,24.104,9503.04,
4627,write,true,133.477,23012.58,
4630,read,true,84.226,8849.219,
4633,read,true,20.487,7477.628,
4636,read,true,95.286,7609.382,
4639,write,true,50.123,13408.884,
4642,read,true,83.835,10837.521,
4645,read,true,79.407,8498.98,
4648,write,true,140.05,16727.67,
4651,read,true,100.777,6172.852,
4654,read,true,34.343,5885.359,
4657,write,true,133.778,17241.251,
4660,read,true,82.052,7502.195,
4663,read,true,17.853,5938.959,
4666,read,true,89.265,4616.469,
4669,write,true,85.469,10804.681,
4672,read,true,106.648,6275.232,
4675,read,true,82.012,6715.667,
4678,write,true,78.676,13141.157,
4681,read,true,88.965,5583.58,
4684,read,true,13.466,7489.631,
4687,write,true,175.215,18028.489,
4690,read,true,109.894,10299.745,
4693,read,true,17.131,8598.796,
4696,read,true,98.662,5261.945,
4699,write,true,82.493,10992.218,
4702,read,true,91.97,8832.237,
4705,read,true,403.457,7499.019,
4708,write,true,99.804,13687.469,
4711,read,true,82.082,8333.432,
4714,read,true,19.696,7676.286,
4717,write,true,169.413,10176.857,
4720,read,true,92.872,7158.869,
4723,read,true,15.459,6378.663,
4726,read,true,93.362,6690.691,
4729,write,true,63.447,10414.659,
4732,read,true,109.081,5376.657,
4735,read,true,93.644,6141.484,
4738,write,true,70.571,11610.904,
4741,read,true,111.486,9364.102,
4744,read,true,15.027,7623.988,
4747,write,true,144.037,11846.059,
4750,read,true,87.803,5831.209,
4753,read,true,18.674,5868.287,
4756,read,true,342.635,13112.724,
4759,write,true,63.799,22882.468,
4762,read,true,84.116,10065.261,
4765,read,true,95.056,6804.613,
4768,write,true,72.225,13005.957,
4771,read,true,72.164,5260.863,
4774,read,true,19.697,4425.115,
4777,write,true,150.82,12922.192,
4780,read,true,93.853,8994.287,
4783,read,true,15.76,8692.9,
4786,read,true,111.265,8077.088,
4789,write,true,48.419,29857.847,
4792,read,true,96.94,12809.894,
4795,read,true,104.904,7512.202,
4798,write,true,60.292,35610.11,
4801,read,true,110.474,16361.511,
4804,read,true,15.379,14704.673,
4807,write,true,126.194,18143.402,
4810,read,true,88.473,12337.139,
4813,read,true,13.515,13007.069,
4816,read,true,92.091,11070.284,
4819,write,true,93.583,29476.78,
4822,read,true,837.992,7715.91,
4825,read,true,102.12,12360.511,
4828,write,true,88.975,21015.501,
4831,read,true,86.009,11352.584,
4834,read,true,14.677,10157.251,
4837,write,true,398.026,19076.77,
4840,read,true,170.135,9560.266,
4843,read,true,235.335,9795.39,
4846,read,true,110.244,7520.248,
4849,write,true,64.91,27719.045,
4852,read,true,90.938,14580.492,
4855,read,true,79.297,9110.963,
4858,write,true,87.151,13111.322,
4861,read,true,205.551,5334.831,
4864,read,true,20.047,4790.593,
4867,write,true,172.219,17075.544,
4870,read,true,105.185,9475.93,
4873,read,true,19.236,8685.266,
4876,read,true,101.026,8234.449,
4879,write,true,62.496,19863.057,
4882,read,true,97.321,3487.961,
4885,read,true,104.232,7411.916,
4888,write,true,48.51,19579.571,
4891,read,true,101.979,8448.868,
4894,read,true,15.259,9596.363,
4897,write,true,127.626,16304.415,
4900,read,true,118.61,10602.506,
4903,read,true,18.585,8825.956,
4906,read,true,850.945,6262.087,
4909,write,true,143.415,11714.194,
4912,read,true,92.862,8516.764,
4915,read,true,88.084,4368.711,
4918,write,true,79.557,11920.716,
4921,read,true,105.595,20343.245,
4924,read,true,25.787,18820.175,
4927,write,true,121.826,12982.635,
4930,read,true,94.355,4722.616,
4933,read,true,19.536,3967.948,
4936,read,true,95.016,4921.194,
4939,write,true,46.867,9591.073,
4942,read,true,95.536,9366.216,
4945,read,true,322.056,8116.581,
4948,write,true,84.266,14410.589,
4951,read,true,98.092,7311.491,
4954,read,true,28.503,8045.77,
4957,write,true,266.193,57736.619,
4960,read,true,5060.552,29321.012,
4963,read,true,35.145,23127.703,
4966,read,true,98.843,14148.002,
4969,write,true,59.751,22251.86,
4972,read,true,106.637,7406.277,
4975,read,true,93.463,9842.027,
4978,write,true,55.173,29281.229,
4981,read,true,101.769,7949.011,
4984,read,true,14.967,7942.519,
4987,write,true,118.72,20402.225,
4990,read,true,76.603,10314.915,
4993,read,true,48.14,9831.559,
4996,read,true,91.46,9605.049,
4999,write,true,60.662,20902.501,
5002,read,true,90.598,4187.275,
5005,read,true,337.455,11868.23,
5008,write,true,66.032,35758.254,
5011,read,true,99.214,8014.613,
5014,read,true,27.45,6250.124,
5017,write,true,119.862,14812.353,
5020,read,true,87.533,5913.512,
5023,read,true,24.376,6667.168,
5026,read,true,88.103,10483.956,
5029,write,true,82.152,23481.408,
5032,read,true,111.436,7764.91,
5035,read,true,98.272,6506.911,
5038,write,true,58.84,22012.327,
5041,read,true,82.443,12743.822,
5044,read,true,21.48,12879.163,
5047,write,true,125.803,21526.317,
5050,read,true,89.245,7795.066,
5053,read,true,17.462,6879.571,
5056,read,true,83.945,8545.156,
5059,write,true,56.725,16632.864,
5062,read,true,87.993,5640.095,
5065,read,true,284.768,26457.289,
5068,write,true,100.516,29502.178,
5071,read,true,96.649,16170.547,
5074,read,true,27.27,18781.724,
5077,write,true,134.81,16989.935,
5080,read,true,80.459,8255.519,
5083,read,true,39.994,7366.904,
5086,read,true,120.202,7148.068,
5089,write,true,46.957,12053.263,
5092,read,true,100.437,7282.377,
5095,read,true,197.196,7140.856,
5098,write,true,88.754,16950.091,
5101,read,true,77.543,7312.843,
5104,read,true,17.742,9878.014,
5107,write,true,107.509,23597.793,
5110,read,true,102.299,8419.112,
5113,read,true,20.627,14132.162,
5116,read,true,86.931,10013.025,
5119,write,true,108.852,20165.186,
5122,read,true,88.172,4322.545,
5125,read,true,107.41,4099.513,
5128,write,true,90.588,9278.814,
5131,read,true,107.569,10023.413,
5134,read,true,20.669,11132.829,
5137,write,true,147.382,25931.614,
5140,read,true,81.44,19198.896,
5143,read,true,18.746,18233.97,
5146,read,true,93.904,9948.535,
5149,write,true,77.694,16591.918,
5152,read,true,89.937,20469.35,
5155,read,true,75.71,9698.05,
5158,write,true,77.745,23378.568,
5161,read,true,126.143,7251.58,
5164,read,true,17.583,7097.535,
5167,write,true,112.659,13120.66,
5170,read,true,95.387,8901.455,
5173,read,true,14.968,7482.769,
5176,read,true,96.828,6236.4,
5179,write,true,70.131,15750.19,
5182,read,true,103.461,8291.035,
5185,read,true,237.099,7210.945,
5188,write,true,53.369,14632.89,
5191,read,true,99.624,6506.34,
5194,read,true,15.509,7018.209,
5197,write,true,113.882,12246.34,
5200,read,true,100.435,5884.056,
5203,read,true,21.27,6086.512,
5206,read,true,97.711,6978.494,
5209,write,true,183.009,13079.122,
5212,read,true,76.692,8699.571,
5215,read,true,111.417,25606.143,
5218,write,true,94.085,32134.633,
5221,read,true,99.073,8508.978,
5224,read,true,26.46,8744.465,
5227,write,true,115.894,15434.896,
5230,read,true,84.787,5733.958,
5233,read,true,24.697,6336.236,
5236,read,true,84.666,8478.221,
5239,write,true,48.781,12074.883,
5242,read,true,116.636,5358.054,
5245,read,true,86.921,5581.496,
5248,write,true,66.504,13392.814,
5251,read,true,158.283,21805.073,
5254,read,true,15.519,22488.86,
5257,write,true,148.786,8430.854,
5260,read,true,115.483,6206.534,
5263,read,true,18.534,6063.318,
5266,read,true,90.839,15418.917,
5269,write,true,213.966,23446.431,
5272,read,true,83.745,6834.458,
5275,read,true,85.779,5962.512,
5278,write,true,168.612,10202.415,
5281,read,true,91.109,4932.064,
5284,read,true,19.877,6040.657,
5287,write,true,201.032,10979.614,
5290,read,true,107.598,5865.873,
5293,read,true,18.434,4600.71,
5296,read,true,218.534,4113.227,
5299,write,true,51.796,21615.453,
5302,read,true,198.067,5633.173,
5305,read,true,105.285,9196.422,
5308,write,true,60.883,22071.407,
5311,read,true,98.011,6022.853,
5314,read,true,21.169,7029.258,
5317,write,true,119.18,7781.331,
5320,read,true,139.018,8283.842,
5323,read,true,14.606,9370.383,
5326,read,true,111.517,7427.937,
5329,write,true,987.408,13672.06,
5332,read,true,108.141,8791.802,
5335,read,true,296.409,6356.893,
5338,write,true,82.593,11719.875,
5341,read,true,114.754,5963.805,
5344,read,true,20.549,6564.037,
5347,write,true,224.205,21545.282,
5350,read,true,147.103,9436.967,
5353,read,true,35.366,8642.466,
5356,read,true,90.057,7448.494,
5359,write,true,85.959,24009.676,
5362,read,true,85.859,7050.658,
5365,read,true,87.773,7190.578,
5368,write,true,71.833,15591.927,
5371,read,true,108.882,11331.577,
5374,read,true,14.999,10397.887,
5377,write,true,139.719,15496.339,
5380,read,true,116.406,15478.857,
5383,read,true,12.743,22311.762,
5386,read,true,101.618,10945.491,
5389,write,true,444.733,24560.696,
5392,read,true,569.956,19098.07,
5395,read,true,97.661,10076.491,
5398,write,true,813.928,19713.53,
5401,read,true,178.15,13275.466,
5404,read,true,23.734,12757.708,
5407,write,true,130.782,47838.637,
5410,read,true,81.531,11287.514,
5413,read,true,35.917,11015.22,
5416,read,true,89.896,8062.752,
5419,write,true,75.321,15316.096,
5422,read,true,95.147,6485.341,
5425,read,true,276.432,7834.319,
5428,write,true,132.215,13853.337,
5431,read,true,141.763,9386.154,
5434,read,true,19.285,11178.632,
5437,write,true,134.239,25730.013,
5440,read,true,92.352,10567.842,
5443,read,true,20.828,9860.611,
5446,read,true,116.165,7696.173,
5449,write,true,193.488,21178.032,
5452,read,true,102.71,10502.33,
5455,read,true,101.96,7147.648,
5458,write,true,71.983,15144.187,
5461,read,true,113.971,9971.176,
5464,read,true,29.725,10727.577,
5467,write,true,131.904,15727.667,
5470,read,true,86.921,8704.23,
5473,read,true,17.493,7758.85,
5476,read,true,115.593,8458.174,
5479,write,true,82.313,21342.678,
5482,read,true,94.044,6447.931,
5485,read,true,97.15,9613.184,
5488,write,true,84.006,19450.151,
5491,read,true,97.21,14278.233,
5494,read,true,28.322,14146.77,
5497,write,true,142.755,15076.732,
5500,read,true,294.766,12245.368,
5503,read,true,32.59,11294.717,
5506,read,true,92.321,11563.666,
5509,write,true,66.773,22336.347,
5512,read,true,90.978,6086.332,
5515,read,true,95.227,35536.714,
5518,write,true,70.851,76097.021,
5521,read,true,90.216,24457.374,
5524,read,true,13.375,25908.242,
5527,write,true,123.97,18459.087,
5530,read,true,78.766,6531.727,
5533,read,true,17.192,6742.196,
5536,read,true,98.964,6848.695,
5539,write,true,65.07,14276.619,
5542,read,true,97.34,9674.838,
5545,read,true,605.881,9965.345,
5548,write,true,104.513,19294.573,
5551,read,true,99.064,5823.275,
5554,read,true,18.464,6468.189,
5557,write,true,141.382,38856.081,
5560,read,true,674.69,7295.872,
5563,read,true,23.614,12102.745,
5566,read,true,324.009,11288.676,
5569,write,true,211.301,18281.737,
5572,read,true,104.654,5487.434,
5575,read,true,87.602,56821.824,
5578,write,true,67.725,57665.205,
5581,read,true,146.242,12771.394,
5584,read,true,15.398,12267.4,
5587,write,true,145.65,17295.622,
5590,read,true,647.249,8200.547,
5593,read,true,137.926,7550.042,
5596,read,true,97.661,12109.306,
5599,write,true,102.58,18206.248,
5602,read,true,96.549,7021.583,
5605,read,true,102.34,8178.016,
5608,write,true,92.33,19978.529,
5611,read,true,98.423,6736.627,
5614,read,true,12.894,7957.427,
5617,write,true,140.019,14949.557,
5620,read,true,93.433,5614.949,
5623,read,true,14.506,6362.363,
5626,read,true,85.458,9483.073,
5629,write,true,160.146,19051.874,
5632,read,true,81.161,6484.971,
5635,read,true,85.519,13354.233,
5638,write,true,57.808,20237.962,
5641,read,true,191.705,10069.178,
5644,read,true,11.472,8698.049,
5647,write,true,137.264,12344.873,
5650,read,true,117.538,8406.239,
5653,read,true,21.671,10781.578,
5656,read,true,89.746,6843.875,
5659,write,true,170.806,20785.975,
5662,read,true,106.617,8854.088,
5665,read,true,110.245,7097.655,
5668,write,true,107.941,17318.204,
5671,read,true,115.643,11542.577,
5674,read,true,21.35,19098.36,
5677,write,true,166.719,14442.488,
5680,read,true,79.747,11926.388,
5683,read,true,20.989,10251.456,
5686,read,true,81.0,7817.127,
5689,write,true,65.011,22716.431,
5692,read,true,109.152,8441.123,
5695,read,true,96.087,12113.703,
5698,write,true,365.547,22696.844,
5701,read,true,103.241,9572.949,
5704,read,true,12.813,8706.053,
5707,write,true,154.796,19942.703,
5710,read,true,171.097,7839.108,
5713,read,true,20.879,6496.953,
5716,read,true,178.59,7338.891,
5719,write,true,144.006,16541.254,
5722,read,true,137.545,8034.329,
5725,read,true,110.065,5110.015,
5728,write,true,106.297,12125.706,
5731,read,true,97.379,8041.733,
5734,read,true,14.817,9046.564,
5737,write,true,129.44,13060.107,
5740,read,true,93.674,9293.401,
5743,read,true,22.512,7795.597,
5746,read,true,130.432,6351.834,
5749,write,true,121.966,15805.974,
5752,read,true,84.155,5600.592,
5755,read,true,96.87,8671.019,
5758,write,true,92.662,18079.403,
5761,read,true,207.164,7605.105,
5764,read,true,22.662,7949.283,
5767,write,true,156.68,11584.224,
5770,read,true,298.202,10756.691,
5773,read,true,17.763,13065.437,
5776,read,true,101.689,6725.587,
5779,write,true,86.05,13057.323,
5782,read,true,217.864,10552.954,
5785,read,true,94.274,8291.686,
5788,write,true,70.52,18424.832,
5791,read,true,177.098,9127.624,
5794,read,true,17.884,7861.329,
5797,write,true,151.591,16272.907,
5800,read,true,77.794,9253.096,
5803,read,true,19.335,10756.4,
5806,read,true,99.263,8286.246,
5809,write,true,76.923,13317.925,
5812,read,true,228.674,5485.239,
5815,read,true,113.28,10887.343,
5818,write,true,96.839,14977.739,
5821,read,true,85.678,6549.931,
5824,read,true,27.581,6508.183,
5827,write,true,148.534,14295.204,
5830,read,true,94.806,7242.363,
5833,read,true,13.705,7935.395,
5836,read,true,114.422,30685.019,
5839,write,true,76.091,40316.416,
5842,read,true,87.141,16219.588,
5845,read,true,112.989,11026.361,
5848,write,true,73.847,16705.108,
5851,read,true,88.584,9828.471,
5854,read,true,27.59,12001.456,
5857,write,true,161.138,27117.682,
5860,read,true,91.569,8736.409,
5863,read,true,20.078,6557.574,
5866,read,true,101.92,10546.283,
5869,write,true,83.975,18899.963,
5872,read,true,108.391,13682.961,
5875,read,true,92.923,10118.12,
5878,write,true,151.021,14699.775,
5881,read,true,94.315,8618.201,
5884,read,true,16.199,13108.226,
5887,write,true,113.129,33792.474,
5890,read,true,613.787,19704.483,
5893,read,true,133.668,19091.027,
5896,read,true,87.522,10377.931,
5899,write,true,1016.974,12227.385,
5902,read,true,275.199,27627.245,
5905,read,true,91.129,14698.511,
5908,write,true,94.235,40646.687,
5911,read,true,90.738,9773.94,
5914,read,true,14.918,9894.164,
5917,write,true,152.984,32867.241,
5920,read,true,85.177,10779.294,
5923,read,true,13.745,10939.871,
5926,read,true,99.595,11588.082,
5929,write,true,122.757,19737.955,
5932,read,true,114.502,8521.001,
5935,read,true,101.928,8724.879,
5938,write,true,65.04,20399.21,
5941,read,true,98.813,16210.21,
5944,read,true,29.916,13695.765,
5947,write,true,3386.601,23830.142,
5950,read,true,80.139,6894.649,
5953,read,true,35.335,9824.765,
5956,read,true,87.432,9873.064,
5959,write,true,68.437,19379.562,
5962,read,true,84.526,55707.48,
5965,read,true,364.544,14738.586,
5968,write,true,111.947,24095.495,
5971,read,true,609.859,17474.522,
5974,read,true,34.163,16921.969,
5977,write,true,358.363,22281.425,
5980,read,true,103.993,10714.634,
5983,read,true,14.666,9381.093,
5986,read,true,98.703,5393.168,
5989,write,true,83.315,31222.375,
5992,read,true,102.26,11571.791,
5995,read,true,80.8,5199.6,
5998,write,true,94.115,13786.764,
